rxns;genes
r_1;(YALI0D09273g and YALI0E03212g) or YALI0C06446g
r_10;YALI0E29161g
r_100;YALI0E18568g
r_1001;YALI0E04763g or YALI0E33143g
r_1002;YALI0E04763g or YALI0E33143g
r_1003;YALI0E28237g
r_1004;YALI0E21197g
r_1005;YALI0E21197g
r_1006;YALI0B11154g
r_1007;YALI0B11154g
r_1008;
r_1009;
r_101;YALI0E18568g
r_1010;YALI0E15730g
r_1011;YALI0E15730g
r_1012;YALI0A10076g
r_102;YALI0E18568g
r_1021;YALI0A14784g and YALI0D11374g and YALI0E29667g and YALI0D23397g
r_1022;YALI0D04741g and YALI0E24013g
r_1023;YALI0F26191g
r_1024;YALI0E26719g
r_1025;YALI0B08184g
r_1026;YALI0F30349g
r_1027;YALI0D11176g and YALI0E16368g
r_1028;YALI0E14234g
r_1029;YALI0F22825g
r_103;YALI0B08536g
r_1030;YALI0F02849g
r_1031;YALI0A10032g or YALI0E24497g
r_1032;YALI0C06930g
r_1033;YALI0C06930g
r_1034;YALI0E21351g
r_1035;YALI0E21351g
r_1036;YALI0C15554g
r_1038;YALI0D27126g and YALI0F01496g
r_1039;(YALI0E23540g and YALI0D27126g) or (YALI0E18029g and YALI0F01496g)
r_104;YALI0E11099g
r_1040;YALI0A21417g
r_1041;YALI0F23221g
r_1042;YALI0A09427g or YALI0F11231g
r_1043;YALI0A09427g or YALI0F11231g
r_1044;YALI0F30129g
r_1045;YALI0C10901g
r_1047;YALI0C18755g
r_1048;YALI0F15587g
r_1049;YALI0E06479g
r_105;YALI0E18568g
r_1050;YALI0E06479g
r_1051;YALI0D14476g
r_1053u;YALI0D17534g or YALI0F10010g
r_1054;YALI0F05214g
r_1055;YALI0F24893g
r_1056;YALI0E20977g
r_1057;YALI0B08943g
r_1058;YALI0C18425g
r_1059u;YALI0A02453g
r_106;YALI0E18568g
r_1063;YALI0E20977g
r_1065;YALI0B02178g or YALI0F29337g
r_1066;YALI0C15224g
r_1067;YALI0E29139g
r_1068;YALI0D18403g
r_1069;YALI0E03146g
r_107;YALI0E18568g
r_1070;YALI0E26829g
r_1071;YALI0F23947g
r_1072;YALI0F09339g
r_1073;YALI0F09339g
r_1074;YALI0F31273g
r_1075;YALI0B14619g or YALI0E07271g or YALI0E35156g
r_1076;YALI0F06710g
r_1077;YALI0E31009g
r_1078;YALI0E31009g
r_1079;YALI0F09339g
r_108;YALI0C11407g
r_1080;YALI0F09339g
r_1081;YALI0C01716g
r_1082;YALI0A01133g
r_1083;YALI0F09449g
r_1084;YALI0A02310g
r_1085;(YALI0A11143g and YALI0E11355g and YALI0D00583g and YALI0E08617g and YALI0A09900g and YALI0F15631g and YALI0E16192g and YALI0F24475g and YALI0F16181g and YALI0E31471g and YALI0E27346g and YALI0E09933g) or (YALI0F31119g and YALI0F09405g)
r_1086;(YALI0A11143g and YALI0E11355g and YALI0D00583g and YALI0E08617g and YALI0A09900g and YALI0F15631g and YALI0E16192g and YALI0F24475g and YALI0F16181g and YALI0E31471g and YALI0E27346g and YALI0E09933g) or (YALI0F31119g and YALI0F09405g)
r_1087;YALI0D01265g
r_1088;YALI0D01265g
r_1089;YALI0F20218g
r_109;YALI0C11407g and YALI0E30591g
r_1090;YALI0F20218g
r_1091;YALI0E16753g
r_1092;YALI0E12463g
r_1093;YALI0D07634g
r_1094;YALI0F10923g
r_1095;YALI0F18216g or YALI0D25234g or YALI0C12749g
r_1096;
r_1097;
r_1099;YALI0D02629g
r_11;YALI0F23573g
r_1100;
r_1101;YALI0B09537g or YALI0D15422g or YALI0A03135g or YALI0A07579g or YALI0A19558g or YALI0D00495g or YALI0D17688g or YALI0E07205g or YALI0F01078g
r_1102;YALI0A03135g or YALI0A07579g or YALI0A19558g or YALI0D00495g or YALI0D17688g or YALI0E07205g or YALI0F01078g
r_1103;
r_1104;YALI0F01078g or YALI0A19558g or YALI0E07205g or YALI0D17688g or YALI0A03135g or YALI0D00495g or YALI0E18139g or YALI0A07579g
r_1106;YALI0C23298g or YALI0E12837g or YALI0E27291g or YALI0F13145g or YALI0F16225g
r_1108;YALI0D07392g or YALI0F30569g
r_1109;YALI0C23342g
r_111;YALI0E30965g
r_1110;YALI0A10659g or YALI0D08228g or YALI0F19712g
r_1111;YALI0E03058g
r_1112;YALI0B10736g
r_1113;YALI0C13574g or YALI0C16907g or YALI0D05819g or YALI0D13970g or YALI0F16423g
r_1114;YALI0D05621g
r_1115;YALI0E27203g or YALI0F12925g or YALI0C23617g or YALI0A19228g or YALI0F16896g or YALI0A02244g or YALI0B13794g
r_1116;YALI0E03058g
r_1117;YALI0D26147g
r_1118;YALI0D26147g
r_1119;YALI0C00627g or YALI0C17281g or YALI0C17303g
r_112;YALI0F05962g
r_1120;YALI0C02431g
r_1121;
r_1122;
r_1123;
r_1124;
r_1125;YALI0A18183g
r_1126;YALI0F26323g
r_1127;YALI0F26323g
r_1128;YALI0F26323g
r_1129;YALI0F15433g
r_113;YALI0F05962g
r_1130;YALI0F05500g
r_1131;YALI0F05500g
r_1132;YALI0C23342g
r_1133;YALI0D07392g or YALI0F30569g
r_1134;YALI0F19184g
r_1135;YALI0D00132g or YALI0D01111g or YALI0D18876g or YALI0B01342g or YALI0E23287g or YALI0B00396g or YALI0A01958g or YALI0A08998g or YALI0F23903g or YALI0C16522g or YALI0C06424g or YALI0D00363g or YALI0F06776g or YALI0F19184g or YALI0E20427g or YALI0A14212g or YALI0F25553g or YALI0C04730g or YALI0F18084g or YALI0B06391g or YALI0B21230g or YALI0C08943g or YALI0B17138g
r_1136;YALI0C15488g or YALI0C21406g or YALI0D20108g or YALI0D24607g
r_1137;
r_1138;
r_1139;YALI0F19184g
r_114;YALI0F05962g
r_1146;YALI0E14729g or YALI0F17996g or YALI0D25828g or YALI0B02544g or YALI0C20265g or YALI0B12980g
r_1147;YALI0E14729g or YALI0F17996g or YALI0D25828g or YALI0B02544g or YALI0C20265g or YALI0B12980g
r_1149;
r_115;YALI0B17666g
r_1151;YALI0A16863g
r_116;YALI0C06930g
r_1161;YALI0B02544g or YALI0F17996g or YALI0B12980g or YALI0C20265g or YALI0E14729g
r_1164;
r_1165;YALI0F21791g
r_1166;YALI0D01111g or YALI0D18876g or YALI0D00132g or YALI0B01342g or YALI0E23287g or YALI0B00396g or YALI0A01958g or YALI0A08998g or YALI0F23903g or YALI0C16522g or YALI0C06424g or YALI0D00363g or YALI0F06776g or YALI0F19184g or YALI0E20427g or YALI0A14212g or YALI0F25553g or YALI0C04730g or YALI0F18084g or YALI0B06391g or YALI0B21230g or YALI0C08943g or YALI0B17138g
r_1167;YALI0C22616g
r_1168;YALI0E25069g or YALI0F12089g
r_1169;YALI0D08382g
r_117;YALI0F02497g
r_1170;YALI0D08382g
r_1171;YALI0A08998g or YALI0D01111g or YALI0C04730g or YALI0F25553g or YALI0B17138g or YALI0C16522g
r_1172;YALI0F00462g
r_1173;YALI0B16522g or YALI0B19492g or YALI0B19800g or YALI0C09889g or YALI0C17237g or YALI0E10219g or YALI0F19866g or YALI0C00451g or YALI0D15422g or YALI0B09537g
r_1174;
r_1175;YALI0C14498g
r_1176;YALI0D07392g or YALI0F30569g
r_1177;YALI0F23903g
r_1179;
r_118;YALI0D22847g
r_1180;
r_1182;
r_1183;YALI0B16522g or YALI0B19492g or YALI0B19800g or YALI0C09889g or YALI0C17237g or YALI0E10219g or YALI0F19866g or YALI0B09537g or YALI0D15422g or YALI0C00451g
r_1184;YALI0B16522g or YALI0B19492g or YALI0B19800g or YALI0C09889g or YALI0C17237g or YALI0E10219g or YALI0F19866g or YALI0B19338g or YALI0C00451g
r_1186;YALI0B16522g or YALI0B19492g or YALI0B19800g or YALI0C09889g or YALI0C17237g or YALI0E10219g or YALI0F19866g or YALI0C00451g or YALI0D15422g or YALI0E20713g
r_1187;YALI0F30063g
r_1188;YALI0E10637g
r_1189;YALI0D11836g
r_1190;YALI0B16522g or YALI0B19492g or YALI0B19800g or YALI0C09889g or YALI0C17237g or YALI0E10219g or YALI0F19866g
r_1191;YALI0C07678g
r_1192;YALI0B16522g or YALI0B19492g or YALI0B19800g or YALI0C09889g or YALI0C17237g or YALI0E10219g or YALI0F19866g or YALI0E20713g or YALI0C00451g or YALI0D15422g
r_1194;YALI0D26147g
r_1195;YALI0D11836g
r_1196;YALI0B16522g or YALI0B19492g or YALI0B19800g or YALI0C09889g or YALI0C17237g or YALI0E10219g or YALI0F19866g or YALI0C00451g or YALI0D15422g
r_1197;YALI0F30063g
r_1198;YALI0E10637g
r_1199;YALI0B16522g or YALI0B19492g or YALI0B19800g or YALI0C09889g or YALI0C17237g or YALI0E10219g or YALI0F19866g
r_12;YALI0B09647g
r_120;YALI0D24750g
r_1201;YALI0B16522g or YALI0B19492g or YALI0B19800g or YALI0C09889g or YALI0C17237g or YALI0E10219g or YALI0F19866g
r_1203;YALI0F30063g
r_1204;YALI0E10637g
r_1205;YALI0B16522g or YALI0B19800g or YALI0B19492g or YALI0C09889g or YALI0C17237g or YALI0E10219g or YALI0F19866g
r_1206;YALI0C15488g or YALI0C21406g or YALI0D20108g or YALI0D24607g
r_1207;YALI0C15488g or YALI0C21406g or YALI0D20108g or YALI0D24607g
r_1209;YALI0F30063g
r_121;YALI0D24750g
r_1210;YALI0E10637g
r_1211;YALI0B16522g or YALI0B19492g or YALI0B19800g or YALI0C09889g or YALI0C17237g or YALI0E10219g or YALI0F19866g
r_1213;YALI0B09537g or YALI0B19338g or YALI0B16522g or YALI0B19492g or YALI0B19800g or YALI0C09889g or YALI0C17237g or YALI0E10219g or YALI0F19866g
r_1214;YALI0F25795g or YALI0C00451g or YALI0E10219g or YALI0D16137g or YALI0F07018g or YALI0B16522g or YALI0C07678g or YALI0B09537g or YALI0D09295g or YALI0F01254g or YALI0C17237g or YALI0F19866g or YALI0E20713g or YALI0C09889g or YALI0B19338g or YALI0B20064g or YALI0B19492g or YALI0B19800g or YALI0D15422g
r_1215;YALI0B16522g or YALI0B19800g or YALI0B19492g or YALI0C09889g or YALI0C17237g or YALI0E10219g or YALI0F19866g
r_1216;YALI0B16522g or YALI0B19492g or YALI0B19800g or YALI0C09889g or YALI0C17237g or YALI0E10219g or YALI0F19866g or YALI0B09537g or YALI0D15422g
r_1217;YALI0B16522g or YALI0B19492g or YALI0B19800g or YALI0C09889g or YALI0C17237g or YALI0E10219g or YALI0F19866g or YALI0E20713g or YALI0C00451g or YALI0D15422g
r_1218;YALI0B16522g or YALI0B19800g or YALI0B19492g or YALI0C09889g or YALI0C17237g or YALI0E10219g or YALI0F19866g
r_1219;YALI0B16522g or YALI0B19492g or YALI0B19800g or YALI0C09889g or YALI0C17237g or YALI0E10219g or YALI0F19866g
r_122;YALI0D24750g
r_1221;YALI0E18095g or YALI0F30063g
r_1222;YALI0E10637g
r_1223;YALI0B16522g or YALI0B19492g or YALI0B19800g or YALI0C09889g or YALI0C17237g or YALI0E10219g or YALI0F19866g
r_1224;YALI0B16522g or YALI0B19800g or YALI0B19492g or YALI0C09889g or YALI0C17237g or YALI0E10219g or YALI0F19866g
r_1225;YALI0E14729g or YALI0F17996g or YALI0D25828g or YALI0B02544g or YALI0C20265g or YALI0B12980g
r_1226;YALI0B03344g
r_1229;YALI0E16478g or YALI0E16478g
r_123;YALI0D24750g
r_1230;YALI0E16478g
r_1231;YALI0E16478g
r_1232;YALI0E16478g
r_1235;YALI0F21109g or YALI0E27247g or YALI0F19536g or YALI0C08569g or YALI0D10043g or YALI0F28193g or YALI0E20273g or YALI0D12100g or YALI0C02783g or YALI0E20471g or YALI0F05984g or YALI0F28369g
r_1236;
r_1237;YALI0D06798g
r_1238;YALI0B16522g or YALI0B19492g or YALI0B19800g or YALI0C09889g or YALI0C17237g or YALI0E10219g or YALI0F19866g or YALI0B19338g or YALI0C00451g
r_1239;YALI0E04048g
r_124;YALI0D24750g
r_1241;YALI0F06842g
r_1242;
r_1244;YALI0E23859g or YALI0E31064g or YALI0D08382g or YALI0A15125g or YALI0A21307g
r_1245;YALI0C05753g or YALI0F14223g
r_1246u;YALI0E28153g or YALI0A02453g
r_1247u;YALI0F23573g
r_1249;YALI0B17864g
r_125;YALI0D24750g
r_1251;YALI0A07447g or YALI0F03751g or YALI0C04477g or YALI0F07062g or YALI0E10483g or YALI0B17776g or YALI0D20834g or YALI0D17974g or YALI0F13981g or YALI0F29711g or YALI0A11605g or YALI0E27159g or YALI0C07722g or YALI0D24651g or YALI0A00528g or YALI0C10670g or YALI0F03795g or YALI0B08448g or YALI0D22000g or YALI0C00847g or YALI0B21142g or YALI0A17534g or YALI0D20064g or YALI0C17105g or YALI0E21241g or YALI0A18920g or YALI0A15576g or YALI0F13739g or YALI0F25597g or YALI0F08063g or YALI0F02959g or YALI0C04499g
r_1252;YALI0A15576g or YALI0F07062g
r_1254;YALI0C15488g or YALI0C21406g or YALI0D20108g or YALI0D24607g
r_1255;YALI0B16522g or YALI0B19492g or YALI0B19800g or YALI0C09889g or YALI0C17237g or YALI0E10219g or YALI0F19866g
r_1256;YALI0C19195g
r_1257;YALI0B16522g or YALI0B19800g or YALI0C09889g
r_1258;YALI0C00759g or YALI0E02156g
r_126;YALI0F06578g
r_1260;YALI0A07447g or YALI0F03751g or YALI0C15807g or YALI0B04202g or YALI0E10219g or YALI0C00451g or YALI0C07678g or YALI0B09537g or YALI0D09295g or YALI0F01254g or YALI0E20713g or YALI0B19338g or YALI0B20064g or YALI0D15422g or YALI0B16522g or YALI0B19492g or YALI0F19866g or YALI0C09889g or YALI0B19800g or YALI0C17237g or YALI0C04477g or YALI0F07062g or YALI0E10483g or YALI0B17776g or YALI0D20834g or YALI0D17974g or YALI0F13981g or YALI0F29711g or YALI0A11605g or YALI0E27159g or YALI0C07722g or YALI0D24651g or YALI0A00528g or YALI0C10670g or YALI0F03795g or YALI0B08448g or YALI0D22000g or YALI0C00847g or YALI0B21142g or YALI0A17534g or YALI0D20064g or YALI0C17105g or YALI0E21241g or YALI0A18920g or YALI0A15576g or YALI0F13739g or YALI0F25597g or YALI0F08063g or YALI0F02959g or YALI0C04499g
r_1261;YALI0A15576g or YALI0F07062g
r_1262;YALI0A07447g or YALI0F03751g or YALI0C04477g or YALI0F07062g or YALI0E10483g or YALI0B17776g or YALI0D20834g or YALI0D17974g or YALI0F13981g or YALI0F29711g or YALI0A11605g or YALI0E27159g or YALI0C07722g or YALI0D24651g or YALI0A00528g or YALI0C10670g or YALI0F03795g or YALI0B08448g or YALI0D22000g or YALI0C00847g or YALI0B21142g or YALI0A17534g or YALI0D20064g or YALI0C17105g or YALI0E21241g or YALI0A18920g or YALI0A15576g or YALI0F13739g or YALI0F25597g or YALI0F08063g or YALI0F02959g or YALI0C04499g
r_1263;YALI0B21142g or YALI0A15576g or YALI0F07062g
r_1264;YALI0B03344g
r_1265;YALI0E34672g
r_1266;YALI0B17930g or YALI0B17930g
r_1267;YALI0E24167g
r_1268;
r_1269;YALI0F20262g
r_127;YALI0F06578g
r_1270;YALI0D19756g
r_1272;YALI0D05621g
r_1273;YALI0B04202g or YALI0C15807g
r_1274;YALI0D05621g
r_1275;YALI0F05500g
r_1276;YALI0F05500g
r_1277;YALI0F01210g
r_128;YALI0F06578g
r_129;YALI0F06578g
r_13;YALI0A14498g and YALI0D16797g
r_130;YALI0F06578g
r_131;YALI0F06578g
r_132;YALI0F06578g
r_133;YALI0F06578g
r_134;YALI0F06578g
r_135;YALI0F06578g
r_137;YALI0C23793g
r_139;YALI0D05797g
r_14;YALI0F12199g
r_142;YALI0F23463g
r_143;YALI0E11495g
r_144;YALI0F11759g
r_145;YALI0E20361g
r_146;YALI0A08734g or YALI0C05709g
r_147;YALI0B18759g
r_148;YALI0B00704g
r_149;YALI0F26521g
r_15;YALI0D06501g
r_150;YALI0F26521g
r_151;YALI0B17402g
r_152;YALI0B17402g
r_153;YALI0E28963g
r_154;YALI0E00418g
r_1542;
r_1543;
r_1545;
r_1546;
r_1547;
r_1548;
r_1549;
r_1551;
r_1552;
r_1553;
r_1554;
r_156;YALI0E16643g
r_1560;
r_1562;
r_1563;
r_1564;
r_1565;
r_1566;
r_1567;
r_1568;
r_157;YALI0B04180g
r_1572;
r_1573;
r_1574;
r_1585;
r_1586;
r_1587;
r_1588;
r_1595;
r_1596;
r_16;YALI0C00253g or (YALI0C09636g and YALI0C00253g)
r_1601;
r_1603;
r_1604;
r_1605;
r_1606;
r_1607;
r_1608;
r_1609;
r_1610;
r_1611;
r_1613;YALI0A08217g or YALI0C19866g
r_1614;YALI0A08217g or YALI0C19866g
r_1615;YALI0F26785g
r_1616;YALI0A08217g or YALI0C19866g
r_1617;YALI0F26785g
r_1618;
r_1619;YALI0A08217g or YALI0C19866g
r_1620;YALI0A08217g or YALI0C19866g
r_1621;
r_1622;
r_1623;
r_1624;
r_1625;
r_1627;
r_1628;
r_1629;
r_163;YALI0A15147g or YALI0A16379g or YALI0D25630g or YALI0E07766g or YALI0E17787g
r_1630;
r_1631;
r_1632;
r_1633;
r_1634;
r_1635;
r_1637;
r_1638;
r_1639;
r_164;YALI0A15906g or YALI0B07117g or YALI0B21780g or YALI0C09119g or YALI0C13508g or YALI0D04092g or YALI0E18348g or YALI0F06974g or YALI0F18590g or YALI0D07634g
r_1640;
r_1641;
r_1642;
r_1643;
r_1644;
r_1645;
r_1647;
r_1648;
r_1649;
r_165;YALI0F29623g
r_1650;
r_1651;
r_1652;
r_1654;
r_1656;
r_1657;
r_1658;
r_1659;
r_1660;
r_1661;
r_1663;
r_1664;
r_1665;
r_1667;
r_1668;
r_1669;
r_1671;
r_1672;
r_1673;
r_1674;
r_1675;
r_1676;
r_1677;
r_1678;
r_1679;
r_1680;
r_1681;
r_1682;
r_1683;
r_1684;
r_1685;
r_1686;
r_1687;
r_1688;
r_1689;
r_1690;
r_1691;
r_1694;
r_1695;
r_1696;
r_1697;
r_1698;
r_1699;
r_17;YALI0A02541g
r_1700;
r_1701;
r_1702;
r_1703;YALI0F09339g
r_1704;YALI0F09339g
r_1705;
r_1706;
r_1707;
r_1708;
r_1709;
r_1710;
r_1711;
r_1712;
r_1713;
r_1714;
r_1715;
r_1716;
r_1717;
r_1718;
r_1719;
r_172;YALI0D07942g or YALI0F04444g
r_1720;
r_1721;
r_1722;
r_1723;
r_1724;
r_1725;
r_1726;
r_1727;
r_1728;
r_1729;YALI0F09339g
r_173;YALI0C03025g
r_1730;
r_1731;
r_1732;
r_1733;
r_1734;
r_1735;
r_1736;YALI0F09625g
r_1737;
r_1738;
r_1739;
r_174;YALI0E00264g
r_1743;
r_1744;
r_1745;
r_1746;
r_1747;
r_1748;
r_1749;
r_175;YALI0E00264g
r_1750;
r_1751;
r_1752;
r_1753;
r_1754;
r_1757;
r_1758;
r_1759;
r_1760;
r_1761;
r_1762;
r_1763;
r_1764;
r_1766;
r_1770;YALI0C04092g
r_1771;YALI0C04092g
r_1772;YALI0C04092g
r_1774;YALI0C04092g
r_1775;YALI0C04092g
r_1776;YALI0C04092g
r_1777;
r_1788;
r_1790;
r_1791;
r_1792;
r_1793;
r_1794;
r_1795;
r_1796;
r_1797;
r_1798;
r_18;YALI0E08360g or YALI0E20977g or YALI0E28787g
r_1800;
r_1801;
r_1802;
r_1803;
r_1805;
r_1806;
r_1807;
r_1808;
r_1809;
r_1810;
r_1811;
r_1812;
r_1813;
r_1814;
r_1815;
r_1816;
r_1817;
r_1818;
r_1819;
r_1820;
r_1821;
r_1822;
r_1823;
r_1824;
r_1825;
r_1826;
r_1827;
r_1829;
r_1830;
r_1831;
r_1832;
r_1833;
r_1834;
r_1835;
r_1836;
r_1837;
r_1838;YALI0F31075g
r_1839;
r_1840;
r_1841;
r_1842;
r_1846;
r_1847;
r_1848;
r_1849;
r_1850;
r_1851;
r_1852;
r_1853;
r_1854;
r_1855;
r_1856;
r_1857;
r_1858;
r_1859;
r_1860;
r_1861;
r_1862;
r_1863;
r_1864;
r_1865;
r_1871;
r_1872;
r_1873;
r_1874;
r_1875;
r_1876;
r_1877;
r_1878;
r_1879;
r_188;YALI0F16709g
r_1880;
r_1881;
r_1882;
r_1883;
r_1884;
r_1885;
r_1886;
r_1887;
r_1889;
r_189;YALI0D18337g
r_1890;
r_1891;
r_1892;
r_1893;
r_1895;
r_1896;
r_1897;
r_1898;
r_1899;
r_19;YALI0F20900g
r_190;YALI0F23243g
r_1900;
r_1901;
r_1902;
r_1903;
r_1904;
r_1905;
r_1906;
r_1907;
r_1908;
r_1909;
r_191;YALI0B14619g or YALI0E07271g or YALI0E35156g
r_1910;
r_1911;
r_1912;
r_1913;
r_1914;
r_1915;
r_1916;
r_1919;
r_192;YALI0A06589g or YALI0B01672g or YALI0E01892g or YALI0F25817g
r_1920;
r_1921;
r_1922;
r_1923;
r_1924;
r_1925;
r_1926;
r_1927;
r_1928;
r_1929;
r_1930;
r_1931;
r_1932;
r_1935;
r_1937;
r_1938;
r_1939;
r_194;YALI0D15598g
r_1940;
r_1941;
r_1942;
r_1943;
r_1944;
r_1945;
r_1946;
r_1947;
r_195;YALI0D14476g and YALI0E14685g and YALI0E31086g
r_1963;
r_1964;
r_1965;
r_1966;
r_1967;
r_1968;
r_1970;
r_1971;
r_1972;
r_1974;
r_1975;
r_1976;
r_1977;
r_1978;
r_1979;
r_1980;
r_1981;
r_1984;
r_1987;
r_1988;
r_1989;
r_199;YALI0F23441g
r_1990;
r_1991;
r_1992;
r_1993;
r_1994;
r_1995;
r_1996;
r_1997;
r_1998;
r_1999;
r_2;YALI0E03212g and YALI0D09273g
r_20;YALI0B20020g or YALI0C06952g
r_200;
r_2004;
r_2005;
r_2008;
r_201;YALI0D07942g or YALI0F04444g
r_202;YALI0D27170g
r_2020;
r_2022;
r_2023;
r_2024;
r_2025;
r_2026;
r_2027;
r_2028;
r_2029;YALI0A08668g
r_203;YALI0E14751g and YALI0D11110g
r_2030;
r_2031;
r_2032;
r_2033;
r_2034;
r_2036;
r_2037;
r_2038;
r_2039;
r_204;YALI0E32736g
r_2040;
r_2041;
r_2042;
r_2043;
r_2044;
r_2045;
r_2046;
r_2049;
r_205;YALI0D07634g
r_2050;
r_2051;
r_2052;
r_2053;
r_2054;
r_2055;
r_2056;
r_2057;
r_2058;
r_206;YALI0E07535g
r_2060;
r_2061;
r_2062;
r_2063;
r_2064;
r_2065;
r_2066;
r_2067;
r_2068;
r_2069;
r_207;YALI0D26367g
r_2070;
r_2071;
r_2072;
r_2073;
r_2074;
r_2075;
r_2079;
r_208;YALIUNK2
r_2080;
r_2082;
r_2086;
r_2087;
r_2089;
r_209;YALI0E17985g
r_2090;
r_2091;
r_2092;
r_2093;
r_2094;
r_2095;
r_2096;
r_2097;
r_2098;
r_2099;
r_21;YALI0F27247g and YALI0B15664g and YALI0A09042g and YALI0F27313g and YALI0C18205g and YALI0B15884g and YALI0E15224g
r_210;YALI0E17985g
r_2100;
r_2101;
r_2102;
r_2103;
r_2104;
r_2105;
r_2106;
r_2107;
r_211;YALI0A13387g
r_2111;
r_2112;YALI0E28787g
r_2113;
r_2114;
r_2115;YALI0A16379g
r_2116;YALI0D07942g or YALI0F04444g
r_2117;YALI0C05258g or YALI0E20977g
r_2118;YALI0C05258g
r_2119;YALI0C05258g or YALI0E20977g
r_212;YALI0E05005g
r_2125;
r_2126;YALI0D09229g
r_2129;
r_213;YALI0E04939g
r_2131;YALI0F04095g
r_2132;YALI0D02629g
r_2134;
r_2136;
r_2137;
r_2139;
r_214;YALI0C23969g or YALI0D07370g or YALI0E09493g
r_2140;YALI0B15059g and YALI0B19382g
r_2141;YALI0B15059g and YALI0B19382g
r_2142;YALI0F30679g and YALI0D14850g
r_2143;YALI0F30679g and YALI0D14850g
r_2144;YALI0F30679g and YALI0D14850g
r_2145;YALI0F29975g
r_2146;YALI0F29975g
r_2147;YALI0F29975g
r_2148;YALI0A19096g
r_2149;YALI0A19096g
r_215;YALI0D11704g
r_2150;YALI0A19096g
r_2151;YALI0C19624g
r_2152;YALI0C19624g
r_2153;YALI0C19624g
r_2154;YALI0B20196g
r_2155;YALI0B20196g
r_2156;YALI0B20196g
r_2157;YALI0B20196g
r_2158;YALI0B20196g
r_2159;YALI0B20196g
r_216;YALI0B02178g or YALI0F29337g
r_2160;YALI0B20196g
r_2161;YALI0A06787g
r_2162;YALI0A06787g
r_2163;YALI0A06787g
r_2164;YALI0A06787g
r_2165;YALI0A06787g
r_2166;YALI0A06787g
r_2167;YALI0A06787g
r_2168;YALI0F11935g
r_2169;YALI0F11935g
r_217;YALI0B02178g or YALI0F29337g
r_2170;YALI0F11935g
r_2171;YALI0F11935g
r_2172;YALI0F11935g
r_2173;YALI0F11935g
r_2174;YALI0F11935g
r_2175;YALI0A04983g
r_2176;YALI0A04983g
r_2177;YALI0A04983g
r_2178;YALI0A04983g
r_2179;YALI0A04983g
r_218;YALI0B02178g or YALI0F29337g
r_2180;YALI0A04983g
r_2181;YALI0A04983g
r_2182;YALI0C05951g
r_2183;YALI0C05951g
r_2184;
r_2185;
r_2186;
r_2187;
r_2188;
r_2189;
r_219;YALI0D13596g
r_2190;
r_2191;
r_2192;
r_2193;
r_2194;YALI0D17864g
r_2195;YALI0D17864g
r_2196;YALI0D17864g
r_2197;YALI0D17864g
r_2198;YALI0D17864g
r_2199;YALI0D17864g
r_22;YALI0F27247g and YALI0B15664g and YALI0A09042g and YALI0F27313g and YALI0C18205g and YALI0B15884g and YALI0E15224g
r_220;YALI0D22264g
r_2200;YALI0D17864g
r_2201;YALI0D17864g
r_2202;YALI0D17864g
r_2203;YALI0D17864g
r_2204;YALI0D17864g
r_2205;YALI0D17864g
r_2206;YALI0E16016g
r_2207;YALI0E16016g
r_2208;YALI0E16016g
r_2209;YALI0D17864g
r_221;YALI0F26433g
r_2210;YALI0D17864g
r_2211;YALI0D17864g
r_2212;YALI0D17864g
r_2213;YALI0D17864g
r_2214;YALI0D17864g
r_2215;YALI0D17864g
r_2216;YALI0D17864g
r_2217;YALI0D17864g
r_2218;YALI0D17864g
r_2219;YALI0D04246g and YALI0A06655g
r_222;YALI0F30349g
r_2220;YALI0D04246g and YALI0A06655g
r_2221;YALI0D04246g and YALI0A06655g
r_2222;YALI0D04246g and YALI0A06655g
r_2223;YALI0D04246g and YALI0A06655g
r_2224;YALI0D04246g and YALI0A06655g
r_2225;YALI0D04246g and YALI0A06655g
r_2226;YALI0D04246g and YALI0A06655g
r_2227;YALI0D04246g and YALI0A06655g
r_2228;YALI0D04246g and YALI0A06655g
r_2229;YALI0C04092g
r_223;YALI0F30349g
r_2230;YALI0C04092g
r_2231;YALI0C04092g
r_2232;YALI0F14729g
r_2233;YALI0F14729g
r_2234;YALI0F14729g
r_2235;YALI0F14729g
r_2236;YALI0D24750g or YALI0D27654g or YALI0C23859g
r_2237;YALI0D24750g or YALI0D27654g or YALI0C23859g
r_2238;YALI0D24750g or YALI0D27654g or YALI0C23859g
r_2239;YALI0F10857g or YALI0D27654g or YALI0C23859g
r_224;YALI0F30349g
r_2240;YALI0F10857g or YALI0D27654g or YALI0C23859g
r_2241;YALI0F10857g or YALI0D27654g or YALI0C23859g
r_2242;YALI0F10857g or YALI0D27654g or YALI0C23859g
r_2243;YALI0F10857g or YALI0D27654g or YALI0C23859g
r_2244;YALI0F10857g or YALI0D27654g or YALI0C23859g
r_2245;YALI0F10857g or YALI0D27654g or YALI0C23859g
r_2246;YALI0F10857g or YALI0D27654g or YALI0C23859g
r_2247;YALI0F10857g or YALI0D27654g or YALI0C23859g
r_2248;YALI0E15378g
r_2249;YALI0E15378g
r_225;YALI0C05170g
r_2250;YALI0E15378g
r_2251;YALI0E15378g
r_2252;YALI0E15378g
r_2253;YALI0E15378g
r_2254;YALI0E15378g
r_2255;YALI0E15378g
r_2256;YALI0E15378g
r_2257;YALI0E15378g or YALI0F11935g
r_2258;YALI0E15378g or YALI0F11935g
r_2259;YALI0E15378g or YALI0F11935g
r_226;(NP_075432 and NP_075433 and NP_075437 and YALI0F03179g and YALI0F02893g and YALI0D22022g and YALI0D12584g and YALI0D11814g and YALI0B06831g and YALI0F04774g and YALI0B03982g and YALI0D17490g and YALI0F20306g and YALI0E32164g) or YALI0B21527g
r_2260;YALI0E15378g
r_2261;YALI0E15378g
r_2262;YALI0E15378g
r_2263;YALI0E15378g
r_2264;YALI0E15378g
r_2265;YALI0E15378g
r_2266;YALI0E15378g
r_2267;YALI0E15378g
r_2268;YALI0E15378g
r_2269;YALI0E15378g
r_227;YALI0B22066g
r_2270;YALI0E15378g
r_2271;YALI0E15378g
r_2272;YALI0E15378g
r_2273;YALI0E15378g
r_2274;YALI0E15378g
r_2275;YALI0E15378g
r_2276;YALI0E15378g
r_2277;YALI0E15378g
r_2278;YALI0E15378g
r_2279;YALI0E15378g
r_228;YALI0E34133g
r_2280;YALI0E15378g
r_2281;YALI0E15378g
r_2282;YALI0E15378g
r_2283;YALI0E18568g
r_2284;YALI0E18568g
r_2285;YALI0E18568g
r_2286;YALI0E18568g
r_2287;YALI0E18568g
r_2288;YALI0E18568g
r_2289;YALI0E18568g
r_229;YALI0D15400g
r_2290;YALI0E18568g
r_2291;YALI0E18568g
r_2292;YALI0E18568g
r_2293;YALI0E18568g
r_2294;YALI0E18568g
r_2295;YALI0B10406g
r_2296;YALI0B10406g
r_2297;YALI0B10406g
r_2298;YALI0B10406g
r_2299;YALI0B10406g
r_23;YALI0B01364g
r_230;YALI0E30591g
r_2300;YALI0B10406g
r_2301;YALI0B10406g
r_2302;YALI0B10406g
r_2303;YALI0C03003g or YALI0D01694g or YALI0E14322g
r_2304;YALI0C03003g or YALI0D01694g or YALI0E14322g
r_2305;YALI0D09361g or YALI0E14949g
r_231;YALI0B23298g
r_233;YALI0A18062g
r_234;YALI0C22165g
r_235;YALI0C22165g
r_236;YALI0B17644g
r_237;YALI0B17644g
r_238;YALI0F11297g
r_239;YALI0F11297g
r_24;YALI0B07447g
r_240;YALI0F11297g
r_241;YALI0F11297g
r_242;YALI0D20878g
r_243;YALI0B17204g or YALI0E32065g
r_244;YALI0D19206g
r_2462g;YALI0F02937g
r_249;YALI0D14762g and YALI0B16126g
r_25;YALI0B07447g
r_250;YALI0C23969g or YALI0D07370g or YALI0E09493g
r_2512g;YALI0F19052g
r_251u;YALI0F23837g
r_252;YALI0F21197g
r_253;YALI0B10340g
r_254;YALI0B10340g
r_2542g;YALI0A14157g
r_255;YALI0E34265g or YALI0E34749g or YALI0F30987g
r_256;YALI0E34265g or YALI0E34749g or YALI0F30987g
r_257;YALI0E14443g
r_258;YALI0E14443g
r_2584g;YALI0D17842g
r_259;YALI0E17347g
r_26;
r_260;YALI0F12749g
r_261;YALI0E17347g
r_262;YALI0F12749g
r_2620g;YALI0C14036g
r_263;YALI0F06424g
r_264;YALI0F06424g
r_265;YALI0F06424g
r_266;YALI0F06424g
r_267;YALI0F12749g
r_268;YALI0F12749g
r_269;YALI0F12749g
r_27;YALI0E02728g
r_270;YALI0F12749g
r_271;YALI0F30833g
r_272;YALI0B16324g or YALI0D25938g or YALI0D03179g or YALI0C24354g or YALI0E10417g or YALI0E22198g or YALI0F28655g
r_273;YALI0E16907g
r_274;YALI0D18271g
r_275u;YALI0C10989g
r_277u;YALI0C10989g
r_278;YALI0E17479g
r_279;YALI0D17930g
r_28;YALI0E00638g or YALI0E02684g
r_280;YALI0D09361g or YALI0E14949g
r_281;YALI0C18799g or YALI0D17556g
r_2812g;
r_282;YALI0C18799g or YALI0D17556g
r_283;YALI0C18799g or YALI0D17556g
r_284;YALI0C18799g or YALI0D17556g
r_285;YALI0C18799g or YALI0D17556g
r_286;YALI0C18799g or YALI0D17556g
r_287;YALI0C18799g or YALI0D17556g
r_288;YALI0C18799g or YALI0D17556g
r_2884g;YALI0E16797g
r_289;YALI0C18799g or YALI0D17556g
r_29;YALI0D01265g
r_290;YALI0C18799g or YALI0D17556g
r_291;YALI0C18799g or YALI0D17556g
r_292;YALI0C18799g or YALI0D17556g
r_293;YALI0C18799g or YALI0D17556g
r_294;YALI0C18799g or YALI0D17556g
r_2948g;YALI0E16797g
r_295;YALI0C18799g or YALI0D17556g
r_296;YALI0C18799g or YALI0D17556g
r_297;YALI0C18799g or YALI0D17556g
r_298;YALI0C18799g or YALI0D17556g
r_299;YALI0C18799g or YALI0D17556g
r_30;YALI0D01265g
r_300;YALI0E00638g or YALI0E02684g
r_301;YALI0E00638g or YALI0E02684g
r_302;YALI0D09361g or YALI0E14949g
r_3022g;YALI0B11044g
r_303;YALI0D09361g
r_3030g;YALI0B11044g
r_3034g;YALI0E16060g or YALI0D08206g or YALI0B01771g or YALI0E22462g
r_304;YALI0E29975g
r_3042g;YALI0E16060g or YALI0D08206g or YALI0B01771g or YALI0E22462g
r_3046g;YALI0E16060g or YALI0D08206g or YALI0B01771g or YALI0E22462g
r_3054g;YALI0E16060g or YALI0D08206g or YALI0B01771g or YALI0E22462g
r_3058g;YALI0E16060g or YALI0D08206g or YALI0B01771g or YALI0E22462g
r_306;YALI0B05368g
r_3066g;YALI0E16060g or YALI0D08206g or YALI0B01771g or YALI0E22462g
r_307;YALI0B05368g
r_3070g;YALI0E16060g or YALI0D08206g or YALI0B01771g or YALI0E22462g
r_3078g;YALI0E16060g or YALI0D08206g or YALI0B01771g or YALI0E22462g
r_308;YALI0D00605g
r_3082g;YALI0C04180g
r_309;YALI0E09108g
r_3090g;YALI0C04180g
r_3098g;YALI0F08217g
r_310;YALI0D00605g or YALI0F05874g
r_3104g;YALI0E18898g
r_311;YALI0D17402g
r_3112g;YALI0D06413g
r_312;YALI0D25168g
r_3120g;YALI0D06413g
r_3128g;YALI0D05995g
r_313;YALI0D15268g
r_3136g;YALI0D05995g
r_314;YALI0D17072g
r_3144g;YALI0D06413g
r_315;YALI0E31009g
r_3152g;YALI0D06413g
r_3160g;YALI0D05995g
r_3168g;YALI0D05995g
r_317;YALI0D04422g and YALI0B05126g
r_3176g;YALI0D06413g
r_318;YALI0F22517g
r_3184g;YALI0D06413g
r_319;YALI0A21263g
r_3192g;YALI0D06413g
r_32;YALI0F27665g
r_320;YALI0F30811g
r_3200g;YALI0D06413g
r_3208g;YALI0F12177g
r_321;YALI0A15906g or YALI0B07117g or YALI0B21780g or YALI0C09119g or YALI0C13508g or YALI0D04092g or YALI0E18348g or YALI0F06974g
r_3216g;YALI0E33099g and YALI0B22682g
r_322;YALI0E26004g
r_3224g;YALI0B14531g
r_323;YALI0E12463g
r_3232g;YALI0B14531g
r_3240g;YALI0F26785g
r_3244g;YALI0B14531g
r_3248g;YALI0B14531g
r_3252;YALI0E32035g or YALI0E00528g
r_3253;YALI0E32035g or YALI0E00528g
r_3254;YALI0E00528g
r_3255;YALI0E00528g
r_3256;YALI0E00528g
r_3257;YALI0E00528g
r_3258;YALI0E00528g
r_3259;YALI0E00528g
r_326;YALI0C23210g
r_3260;YALI0E00528g
r_3261;YALI0E00528g
r_3262;YALI0E00528g
r_3263;YALI0E00528g
r_327;YALI0C23210g
r_329;YALI0D17072g
r_3296g;YALI0D16379g
r_33;YALI0E32527g or YALI0A08041g
r_330;YALI0C16434g
r_3304g;YALI0E31515g
r_3308g;YALI0C14520g
r_331;YALI0B00726g
r_3312g;YALI0D16379g
r_3316g;YALI0F10010g
r_332;YALI0B14927g
r_3324g;YALI0F10010g
r_333;YALI0F30129g
r_3332g;
r_334;YALI0F09625g
r_3340g;
r_335;YALIUNK1
r_336u;YALI0E32769g or YALI0D07986g
r_336u_1;YALI0E32769g or YALI0D07986g
r_337u;YALI0D27016g
r_337u_1;YALI0B14531g
r_337u_2;YALI0B14531g
r_34;YALI0A08041g
r_340;YALI0D20262g
r_341;YALI0D20262g
r_342;YALI0D20262g
r_343;YALI0D20262g
r_344;YALI0C12771g
r_345;YALI0C12771g
r_346;YALI0A10032g or YALI0E24497g
r_347;YALI0A02541g
r_348;YALI0E33495g
r_349;YALI0F22781g
r_35;YALI0A08041g
r_350;YALI0A02541g
r_3508;
r_3509;
r_351;YALI0A02541g
r_3510;
r_3511;
r_3512;
r_3513;
r_3514;
r_3515;
r_3516;
r_3517;
r_3518;
r_3519;
r_352;YALI0C23408g
r_3520;
r_3521;
r_3522;
r_3523;
r_3524;
r_3525;
r_3526;
r_3527;
r_3528;
r_3529;
r_353;YALI0C23408g
r_3530;
r_3531;
r_3532;
r_3533;
r_3534;
r_3535;
r_3536;
r_3537;
r_3538;
r_3539;
r_354;YALI0F09273g or YALI0E20691g
r_3540;
r_3541;
r_3542;
r_3543;
r_3544;
r_3545;
r_3546;
r_3547;
r_3548;
r_3549;
r_355;YALI0E05753g
r_3550;
r_3551;
r_3552;
r_3553;
r_3554g;
r_356;YALI0B02728g
r_3562g;
r_357;YALI0A04675g
r_3570;
r_3571;
r_3572;
r_3573;
r_3574;
r_3575;
r_3576;
r_3577;
r_3578;
r_3579;
r_358;YALI0F14025g
r_3580;
r_3581;
r_3582;
r_3583;
r_3584;
r_3585;
r_3586;
r_3587;
r_3588g;
r_359;YALI0F17138g
r_3596;
r_3597;
r_3598;
r_3599;
r_36;YALI0A08041g
r_360;YALI0E18942g
r_3600;
r_3601;
r_3602;
r_3603;
r_3604;
r_3605;
r_3606;
r_3607;
r_3608;
r_3609;
r_361;YALI0D06281g
r_3610;
r_3611;
r_3612;
r_3613;
r_3614;
r_3615;
r_3616g;
r_362;YALI0C23364g or YALI0E05929g or YALI0E15081g
r_3624g;
r_363;YALI0C13354g
r_3632g;
r_364;YALI0F19448g
r_3640g;
r_3648;
r_3649;
r_3650;
r_3651;
r_3652;
r_3653;
r_3654g;
r_366;YALI0F16819g
r_3662;
r_3663;
r_3664;
r_3665;
r_3666;
r_3667;
r_3668;
r_3669;
r_3670;
r_3671;
r_3672g;
r_3678;
r_3679;
r_368;YALI0E16907g
r_3680;
r_3681;
r_3682;
r_3683;
r_3684;
r_3685g;
r_37;YALI0A08041g
r_370;YALI0F05390g or YALI0B03564g or YALI0A07142g or YALI0C12056g or YALI0B17996g or YALI0E34155g
r_3717;
r_3718;
r_3719;
r_3720;
r_3721;
r_3722;
r_3723;
r_3724;
r_3725;
r_3726;
r_3727;
r_3728;
r_3729;
r_373;YALI0D17050g
r_3730;
r_3731g;
r_3739g;
r_3747g;
r_3751g;
r_3755g;
r_3759g;
r_3765g;
r_3773g;
r_3781g;
r_3789g;
r_3797g;
r_38;YALI0B08965g
r_3805g;
r_381;YALI0C23859g or YALI0D24750g or YALI0E06567g or YALI0E27654g or YALI0E32835g or (YALI0F10857g and YALI0E18568g and YALI0E15378g and YALI0F22121g)
r_3813g;
r_3821g;
r_3829g;
r_3837g;
r_3845g;
r_3853g;
r_3861g;
r_3869g;
r_3877g;
r_3885g;
r_3893g;
r_39;YALI0F12639g
r_3901;
r_3902;
r_3903g;
r_3911g;
r_3919g;
r_3927;
r_3928;
r_3929g;
r_3937;
r_3938;
r_3939;
r_3940;
r_3941g;
r_3949g;
r_3957;
r_3958;
r_3959;
r_3960;
r_3961;
r_3962;
r_3987;
r_399;YALI0E16016g
r_3996;
r_4;YALI0E03212g and YALI0D09273g
r_40;YALI0F12639g
r_400;YALI0E16016g
r_4005;
r_402;YALI0E16016g
r_4038;
r_4039;YALI0E30965g
r_4040;
r_4042;YALI0F05192g
r_4043;
r_4044;
r_4045;YALI0F03597g
r_41;YALI0B17688g
r_410;YALI0E16016g
r_412;YALI0E16016g
r_42;YALI0B20020g or YALI0C06952g
r_43;
r_436;YALI0F19470g
r_437;YALI0D09273g and YALI0F20504g
r_438;YALI0D18568g and NP_075438 and NP_075434 and YALI0F04114g and YALI0E19723g and YALI0F03201g and YALI0E10144g and YALI0E16709g and YALI0F04103g and YALI0E12628g and YALI0D09273g and YALI0F03567g
r_439;NP_075443 and YALI0A14806g and YALI0E34037g and YALI0A02915g and YALI0F24673g and YALI0B01540g and YALI0C12210g and YALI0F01771g and YALI0A17468g and YALI0F08613g and YALI0D09273g
r_44;
r_440;YALI0D25564g
r_443;YALI0F09603g
r_445;YALI0A12353g or YALI0B19976g or YALI0B22506g or YALI0C08074g or YALI0C14344g or YALI0E14256g or YALI0E15840g or YALI0F13937g or YALI0F15983g or YALI0F28765g
r_446;YALI0E01056g or YALI0F30745g
r_447;YALI0E01056g or YALI0F30745g
r_448;YALI0E17633g
r_449;YALI0A15972g
r_45;YALI0B22902g
r_450;YALI0E26004g
r_451;YALI0C06776g
r_452;YALI0C06776g
r_453;YALI0D18920g
r_457;YALI0C11363g
r_458;YALI0C13090g
r_459;YALI0F23947g
r_460;YALI0E30129g
r_461;
r_462;YALI0E05753g
r_463;YALI0A19074g
r_465;
r_466;YALI0E22649g
r_467;YALI0F07711g
r_468;YALI0A19206g
r_469;YALI0F08415g
r_470;YALI0E09603g
r_471;YALI0F17820g
r_472;YALI0B19998g
r_473;YALI0E30481g
r_475;
r_476;YALI0F00506g
r_477;YALI0B21428g
r_478;YALI0C03674g
r_479;YALI0E28468g
r_480;YALI0E17919g
r_481;YALI0B13398g or (YALI0C05467g and YALI0E18029g)
r_482;YALI0E18029g and YALI0F21219g
r_483;YALI0C05467g or YALI0E02310g
r_484;YALI0F21219g
r_485;YALI0C17831g
r_486;YALI0C06369g
r_487;YALI0A15906g or YALI0B07117g or YALI0B21780g or YALI0C09119g or YALI0C13508g or YALI0D04092g or YALI0E18348g or YALI0F06974g or YALI0F18590g
r_488;YALI0F00484g
r_490;YALI0B13970g
r_491;YALI0B02948g
r_492;YALI0B02948g
r_493;YALI0C00209g
r_494;YALI0C00209g
r_495;YALI0C00209g
r_496;YALI0C00209g
r_497;YALI0E32791g
r_499;YALI0D03069g
r_5;YALI0C01411g or YALI0E21021g
r_500;
r_501;YALI0E00242g and YALI0F02849g and YALI0D20768g and YALI0A09856g
r_502;YALI0D22484g or YALI0E16346g
r_503;YALI0D22484g or YALI0E16346g
r_504;YALI0E00242g and YALI0F02849g and YALI0D20768g and YALI0A09856g
r_505;YALI0E00242g and YALI0F02849g and YALI0D20768g and YALI0A09856g
r_506;YALI0A09856g
r_507;YALI0F02849g
r_508;YALI0D20768g
r_509;YALI0E00242g and YALI0F02849g and YALI0D20768g and YALI0A09856g
r_510;(YALI0C21065g and YALI0F18502g) or (YALI0F08723g and YALI0F18502g)
r_511;YALI0F04169g
r_512;YALI0E14597g
r_514;YALI0B16104g
r_515;YALI0F03597g
r_518;YALI0E21934g
r_519;YALI0A20922g and YALI0E17391g
r_520;YALI0F20570g
r_521;YALI0F11649g
r_522;YALI0D04202g
r_523;YALI0E03960g or YALI0E12089g
r_524;YALI0A10310g
r_525;YALI0E02288g
r_526;YALI0E25740g
r_527;YALI0E16753g
r_528;YALI0C16434g
r_529;YALI0C16434g
r_530;YALI0B14839g and YALI0F24651g and YALI0B02222g
r_531;YALI0F23727g
r_532;YALI0F27247g and YALI0B15664g and YALI0A09042g and YALI0F27313g and YALI0C18205g and YALI0B15884g and YALI0E15224g
r_533;YALI0B22308g
r_534;YALI0B22308g or YALI0E15488g
r_535;YALI0B22308g
r_536;YALI0A15950g
r_537;YALI0E05049g
r_538;YALI0E01254g
r_539;YALI0E13123g
r_540;YALI0E13123g
r_541;YALI0E18282g
r_542;YALI0E02728g
r_543;YALI0F31075g
r_544;YALI0F25641g
r_545;YALI0D10593g
r_547;YALI0D01089g
r_548;YALI0F13453g
r_549;YALI0E00836g
r_550;YALI0B15125g and YALI0F01496g
r_551;(YALI0F08195g and YALI0F01496g) or YALI0E23540g
r_552;YALI0E25091g and YALI0F01496g
r_553;YALI0D06974g
r_554;YALI0D06974g
r_555;YALI0F05610g
r_556;YALI0C15554g
r_557;YALI0F26609g
r_558;YALI0E04807g
r_559;YALI0F30481g
r_560;YALI0F30481g
r_561;YALI0E04224g
r_562;YALI0E16753g
r_563;YALI0C07128g
r_564;YALI0E33957g
r_565;YALI0D21530g
r_566;YALI0D11110g
r_568;YALI0C11803g or YALI0F13541g
r_569;YALI0C11803g or YALI0F13541g
r_57;YALI0E15378g
r_570;YALI0D24409g
r_571;YALI0E07161g
r_572;YALI0B11286g
r_573;YALI0B11286g
r_574;YALI0B11286g
r_575;YALI0B11286g
r_576u;YALI0E16434g
r_577u;YALI0E16434g
r_578u;YALI0E16434g
r_579u;YALI0E16434g
r_58;YALI0B02852g
r_580u;YALI0E16434g
r_581u;YALI0E16434g
r_582u;YALI0E16434g
r_583u;YALI0E16434g
r_584u;YALI0E16434g
r_585u;YALI0E16434g
r_586u;YALI0E16434g
r_587u;YALI0E16434g
r_588u;YALI0E16434g
r_589u;YALI0E16434g
r_590u;YALI0E16434g
r_591u;YALI0E16434g
r_592u;YALI0E16434g
r_593u;YALI0E16434g
r_594u;YALI0E16434g
r_595u;YALI0E16434g
r_596;YALI0D18458g
r_597;YALI0D18458g
r_598;YALI0D18458g
r_599;YALI0D18458g
r_6;YALI0C14190g
r_60;YALI0B01364g
r_600;YALI0D18458g
r_601;YALI0D18458g
r_602;YALI0D18458g
r_603;YALI0D18458g
r_604;YALI0D18458g
r_605;YALI0D18458g
r_606;YALI0D18458g
r_607;YALI0D18458g
r_608;YALI0D18458g
r_609;YALI0D18458g
r_61;YALI0C00407g
r_610;YALI0D18458g
r_611;YALI0D18458g
r_612;YALI0D18458g
r_613;YALI0D18458g
r_614;YALI0D18458g
r_615;YALI0D18458g
r_616;YALI0D18458g
r_617;YALI0D18458g
r_618;YALI0D18458g
r_619;YALI0D18458g
r_620;YALI0D18458g
r_621;YALI0D18458g
r_622;YALI0D18458g
r_623;YALI0D18458g
r_624;YALI0D18458g
r_625;YALI0D18458g
r_626;YALI0D18458g
r_627;YALI0D18458g
r_628;YALI0D18458g
r_629;YALI0D18458g
r_63;YALI0B18898g
r_630;YALI0D18458g
r_631;YALI0D18458g
r_632;YALI0D18458g
r_633;YALI0D18458g
r_634;YALI0D18458g
r_635;YALI0D18458g
r_636;YALI0D18458g
r_637;YALI0D18458g
r_638;YALI0D18458g
r_639;YALI0D18458g
r_640;YALI0D18458g
r_641;YALI0D18458g
r_642;YALI0D18458g
r_643;YALI0D18458g
r_644;YALI0D18458g
r_645;YALI0D18458g
r_646;YALI0D18458g
r_647;YALI0D18458g
r_648;YALI0D18458g
r_649;YALI0D18458g
r_65;YALI0F12639g
r_650;YALI0D18458g
r_651;YALI0D18458g
r_652;YALI0D18458g
r_653;YALI0D18458g
r_654;YALI0D18458g
r_655;YALI0D18458g
r_658;YALI0E05137g and YALI0D06303g
r_659;YALI0F04095g
r_66;YALI0A05379g
r_661;YALI0F04095g
r_662;YALI0C16885g or YALI0F31999g
r_663;YALI0D01265g
r_664;YALI0D01265g
r_665;YALI0A00264g
r_666;YALI0C10780g
r_667;YALI0F04015g
r_668;YALI0D04741g and YALI0E24013g
r_669;YALI0D03135g
r_67;YALI0D16269g
r_670;YALI0B22902g
r_671;YALI0D09867g
r_672;YALI0B09647g
r_673;YALI0B09647g
r_674;YALI0D06325g
r_675;YALI0A21417g
r_676;YALI0C07414g
r_678;YALI0E06457g and YALI0E09306g
r_679;
r_68;YALI0E18238g
r_681;YALI0B02178g or YALI0F29337g
r_682;YALI0B02178g or YALI0F29337g
r_683;YALI0B02178g or YALI0F29337g
r_687;YALI0B14399g
r_688;YALI0D07634g or YALI0D07062g or YALI0D12386g or YALI0F09097g or YALI0F24937g
r_689;YALI0E10307g
r_69;YALI0F23221g
r_690;YALI0C07414g
r_691;YALI0E12463g
r_692;YALI0E10307g
r_693;YALI0D02497g
r_694;YALI0F26455g
r_696;
r_697;YALI0E24057g
r_698;YALI0F04378g
r_699;YALI0D01265g
r_7;YALI0F05192g
r_70;
r_700;YALI0D01265g
r_701;YALI0E24607g
r_702;YALI0F02299g
r_703;YALI0F00396g
r_704;YALI0F00396g
r_705;YALI0F00396g
r_706;YALI0F00396g
r_707;YALI0F00396g
r_708;YALI0F00396g
r_710;
r_711;YALI0F16291g
r_712;YALI0D23639g
r_713;YALI0D16753g or YALI0E14190g
r_714;YALI0E14190g
r_715;YALI0D16753g or YALI0E14190g
r_716;YALI0D19140g or YALI0E15708g
r_717;YALI0D19140g or YALI0E15708g
r_718;YALI0E18634g
r_719;YALI0E18634g
r_721;(YALI0F30679g and YALI0A19096g and YALI0C19624g and YALI0D14850g) or (YALI0D24629g and YALI0F29975g and YALI0E18590g)
r_722;YALI0C06490g
r_723;YALI0B18348g
r_724;YALI0E01056g or YALI0F30745g
r_725;YALI0E01056g or YALI0F30745g
r_726;YALI0B14509g
r_727;YALI0E12683g
r_728;YALI0F06820g
r_729;YALI0F29843g
r_73;YALI0B13464g or YALI0A04675g
r_730;YALI0D03619g
r_731;YALI0B12078g
r_732;YALI0E01056g or YALI0F30745g
r_733;YALI0E01056g or YALI0F30745g
r_734;YALI0C16885g or YALI0F31999g
r_735;YALI0B16038g
r_736;YALI0B16038g
r_737;YALI0B16038g
r_738;YALI0B16038g
r_739;YALI0F05632g
r_74;YALI0F14025g
r_75;YALI0B13420g
r_757;YALI0D04378g
r_758;YALI0B04312g
r_759;YALI0B17666g
r_76;YALI0F26785g
r_760;YALI0D20152g
r_761;YALI0B16390g or YALI0E13057g
r_762;YALI0E28787g
r_764;YALI0F08283g
r_765;YALI0E23991g or YALI0E27874g
r_766;YALI0E23991g or YALI0E27874g or YALI0E17963g
r_767;YALI0D20724g or YALI0D02145g or YALI0F11583g
r_768;YALI0A20108g
r_769;YALI0A20108g
r_77;YALI0E11913g
r_770;YALI0F25135g
r_771;YALI0E23991g or YALI0E27874g
r_772;YALI0E23991g or YALI0E27874g or YALI0E17963g
r_773;YALI0F25135g
r_774;YALI0B00220g
r_775;YALI0B00220g
r_78;YALI0F26785g
r_781;YALI0A21153g
r_782;YALI0A09636g
r_783;YALI0E25652g
r_784;YALI0E25652g
r_785;YALI0E25652g
r_786;YALI0E07073g
r_787;YALI0E07073g
r_788;YALI0C19712g
r_789;YALI0C19712g
r_79;YALI0F30019g
r_790;YALI0C19712g
r_791;YALI0C17941g
r_792;YALI0C19712g
r_793;YALI0C19712g
r_795;YALI0F09229g
r_796;YALI0F09229g
r_797;YALI0F09229g
r_798;YALI0F09229g
r_799;YALI0F09229g
r_80;YALI0B14465g or YALI0B00572g
r_800;YALI0F09229g
r_801;YALI0F09229g
r_802;YALI0F09229g
r_803;YALI0F09229g
r_804;YALI0C19712g
r_805;YALI0C19712g
r_806;YALI0C19712g
r_807;YALI0C19712g
r_81;YALI0C06083g
r_810;YALI0C17941g
r_811;YALI0F09229g
r_812;YALI0D25168g
r_813;YALI0D25168g
r_815;YALI0D00605g or YALI0F05874g
r_816;YALI0D14894g
r_817;YALI0B11330g
r_818;YALI0E13057g
r_819;YALI0C04433g
r_82;YALI0A04675g
r_820;YALI0F21527g
r_821;
r_83;YALI0F14025g
r_831;YALI0E33517g and YALI0E16929g and YALI0D20768g
r_832;YALI0E33517g and YALI0E16929g and YALI0D20768g
r_84;YALI0D01309g
r_841;YALI0D19426g
r_842;YALI0D25476g
r_843;YALI0B06006g
r_844;YALI0F14729g
r_845;YALI0F14729g
r_847;YALI0F14729g
r_848;YALI0F14729g
r_849;YALI0F14729g
r_85;YALI0E12683g
r_850;YALI0F14729g
r_851;YALI0E20977g
r_852;YALI0E22979g and YALI0D16643g
r_853;YALI0C18535g
r_854;YALI0D10131g or YALI0C00253g or YALI0D06930g
r_855;YALI0F21010g
r_859u;YALI0E06061g
r_86;YALI0C20427g
r_860u;YALI0E14102g
r_866u;YALI0B02376g or YALI0E15180g
r_867u;YALI0B02376g
r_87;YALI0A16698g
r_875u;YALI0F20328g
r_876u;YALI0F23573g
r_877;YALI0D21604g
r_878;YALI0D03480g
r_879;YALI0D03480g
r_88;YALI0B13464g
r_880u;YALI0D08514g
r_882;YALI0E29579g
r_883;YALI0F01496g and YALI0B08140g
r_884;YALI0C16995g
r_885;YALI0C06303g
r_886;YALI0D16357g
r_887;YALI0D16357g
r_888;YALI0E02090g
r_889;YALI0B15598g
r_89;YALI0B13464g
r_890;YALI0E29579g
r_891;YALI0F09966g
r_892;YALI0D12400g
r_893;YALI0B02728g
r_899u;YALI0E18898g
r_8u;YALI0E18964g or YALI0F19514g
r_90;YALI0F27885g or YALI0D21010g
r_900u;YALI0E12441g
r_901u;YALI0E12441g
r_902;YALI0D13112g
r_903;YALI0E04224g
r_904;YALI0E06193g
r_905;YALI0C06996g
r_906;YALI0E06413g and YALI0C06281g
r_907;YALI0E02244g or YALI0E02090g
r_908;YALI0E33033g
r_909;YALI0A15950g
r_91;YALI0C19085g or YALI0E11671g
r_910;YALI0A15950g
r_911;YALI0B23188g
r_912;YALI0D24409g
r_913;YALI0B07667g
r_914;YALI0F21010g
r_915;YALI0B15304g
r_916;(YALI0B00836g and YALI0E32351g) or (YALI0B00836g and YALI0F25047g)
r_917;YALI0B20438g
r_918;YALI0F06468g
r_919;YALI0D20262g
r_92;YALI0B13464g or YALI0A04675g
r_920;YALI0D20262g
r_921;YALI0E28237g
r_922;YALI0E17347g
r_923;YALI0F09559g
r_929;YALI0B23430g
r_93;YALI0F14025g
r_935;YALI0F20790g
r_936;YALI0B23430g
r_937;YALI0B23430g
r_938;YALI0B17336g
r_939;YALI0F17644g
r_94;
r_940;YALI0B09625g
r_941;YALI0E05027g
r_942;YALI0D23331g
r_943;YALI0F03597g and YALI0F30129g and YALI0B13420g
r_944;YALI0F30129g
r_945;YALI0F30129g
r_946;YALI0F30129g
r_947;YALI0F30129g
r_948;YALI0F30129g
r_949;YALI0F30129g
r_95;YALI0D10131g or YALI0D06930g
r_950;YALI0F30129g
r_951;YALI0F30129g
r_952;YALI0F30129g
r_953;YALI0D14322g
r_954;YALI0D14322g
r_955;YALI0D14322g
r_956;YALI0D14322g
r_957;YALI0B14399g
r_958;YALI0C24101g
r_959;YALI0D10131g
r_96;YALI0D03135g
r_960;YALI0D10131g or YALI0D06930g
r_961;YALI0E27005g and YALI0F20702g and YALI0D20768g and YALI0B09845g and YALI0D23683g
r_962;YALI0F09185g
r_963;YALI0F27247g and YALI0B15664g and YALI0A09042g and YALI0F27313g and YALI0C18205g and YALI0B15884g and YALI0E15224g
r_964;YALI0E25069g or YALI0F12089g
r_965;YALI0B01826g
r_966;YALI0B01826g
r_967;YALI0A12045g
r_968;YALI0C01111g
r_969;YALI0B14927g
r_97;YALI0C00253g or (YALI0C09636g and YALI0C00253g)
r_970;YALI0F01496g
r_971;YALI0F01496g
r_972;YALI0F01496g
r_973;YALI0F01496g
r_974;YALI0D03333g or YALI0F31735g or YALI0B03630g
r_975;YALI0D03333g or YALI0F31735g or YALI0B03630g
r_976;YALI0D03333g or YALI0F31735g or YALI0B03630g
r_977;YALI0D03333g or YALI0F31735g or YALI0B03630g
r_978;YALI0D03333g or YALI0F31735g or YALI0B03630g
r_979;YALI0D03333g or YALI0F31735g or YALI0B03630g
r_982;YALI0B06941g
r_983;YALI0B14729g
r_984;YALI0C11880g
r_985;YALI0F27247g and YALI0B15664g and YALI0A09042g and YALI0F27313g and YALI0C18205g and YALI0B15884g and YALI0E15224g
r_986;YALI0F08701g
r_987;YALI0C20405g
r_988;YALI0B15444g
r_989;YALI0D22891g
r_99;(YALI0F30679g and YALI0A19096g and YALI0C19624g and YALI0D14850g) or (YALI0D24629g and YALI0F29975g and YALI0E18590g)
r_990;YALI0E26004g
r_992;
r_993;YALI0C03179g and YALI0F15345g
r_995;YALI0B05918g or YALI0F02629g
r_996;YALI0F12639g
r_997;YALI0F12639g
r_998;YALI0E11385g
r_999;YALI0E11385g
r_9u;YALI0E18964g or YALI0F10010g or YALI0D17534g
r_EXC_OUT_Dmannitol;
r_EXC_OUT_erythritol;
r_EXC_OUT_isocitrate;
r_EXC_OUT_m1640;
r_G3PD;YALI0B13970g
r_R00026;YALI0F01672g or YALI0D18381g or YALI0B14289g
r_R00245;YALI0B09647g
r_R00251;YALI0E02398g
r_R00410;YALI0F26587g
r_R00426;YALI0B22924g
r_R00434;YALI0B18759g
r_R00489;YALI0F08415g or YALI0C16753g
r_R00494;YALI0C11363g or YALI0C20669g
r_R00508;YALI0F27665g
r_R00585;YALI0E16643g
r_R00588;YALI0E16643g
r_R00589;YALI0B19360g
r_R00590;YALI0E10307g or YALI0B16214g
r_R00662;YALI0B22924g
r_R00720;YALI0B22924g
r_R01855;YALI0B22924g
r_R01961;YALI0B22308g or YALI0E15488g or YALI0E20207g
r_R02059;YALI0E20163g
r_R02092;YALI0C19712g
r_R02095;YALI0C19712g
r_R02236;YALI0C12771g
r_R02236_1;YALI0C12771g
r_R03531;YALI0B22924g
r_extra;
r_iNL010_xxx;YALI0B23188g
r_iNL2002;YALI0B16192g
r_iNL2008;YALI0E34793g and YALI0D24431g
r_iNL2010;YALI0A20350g
r_iNL2011;YALI0A20350g
r_iNL2012;YALI0D19184g and YALI0B09361g
r_iNL2015;YALI0E16016g
r_iNL786;YALI0C22088g or YALI0D17402g
r_iYL0443;YALI0F30129g
r_iYL0444;YALI0A08217g or YALI0C19866g
r_iYL0446;YALI0A08217g or YALI0C19866g
r_iYL0448;YALI0B14729g
r_iYL0459;YALI1D03865g
r_iYL0472;YALI0D25476g
r_iYL0477;YALI0D25476g
r_iYL0478;YALI0D02321g
r_iYL0486;YALI0F07821g
r_iYL0540;YALI0F26125g
r_iYL0606;YALI0F31735g or (YALI0B03630g and YALI0F01496g)
r_iYL0606_1;YALI0F31735g or (YALI0B03630g and YALI0F01496g)
r_iYL0615;YALI0E31009g
r_iYL0616;YALI0E31009g
r_iYL0618;YALI0E31009g
r_iYL0620;YALI0E31009g
r_iYL0622;YALI0E31009g
r_iYL0623;YALI0E31009g
r_iYL0624;YALI0E31009g
r_iYL0625;YALI0E31009g
r_iYL0626;YALI0E31009g
r_iYL0627;YALI0E31009g
r_iYL0628;YALI0E31009g
r_iYL0629;YALI0E31009g
r_iYL0630;YALI0E31009g
r_iYL0631;YALI0E31009g
r_iYL0632;YALI0E31009g
r_xBIOMASS;
r_xCARBOHYDRATE;
r_xDNA;
r_xION;
r_xLIPID;
r_xMAINTENANCE;
r_xPOOL_AC_EM;
r_xPOOL_AC_LP;
r_xPOOL_AC_MM;
r_xPOOL_FA_EM;
r_xPOOL_FA_EN;
r_xPOOL_FA_LP;
r_xPOOL_FA_MI;
r_xPOOL_FA_MM;
r_xPROTEIN;
r_xRNA;
r_yli0001;YALI0B02544g or YALI0C20265g
r_yli0002;YALI0B02544g or YALI0C20265g
r_yli0003;YALI0E25982g or YALI0B13816g
r_yli0004;YALI0F09603g or YALI0D25630g or YALI0E07787g or YALI0A16379g or YALI0E15818g or YALI0D02167g or YALI0A15147g or YALI0E07766g
r_yli0005;YALI0B01848g or YALI0B13816g
r_yli0006;YALI0F09603g or YALI0D25630g or YALI0E07787g or YALI0A16379g or YALI0E15818g or YALI0D02167g or YALI0A15147g or YALI0E07766g
r_yli0007;YALI0B01848g or YALI0B13816g or YALI0F01320g
r_yli0008;YALI0F09603g or YALI0D25630g or YALI0E07787g or YALI0A16379g or YALI0E15818g or YALI0D02167g or YALI0A15147g or YALI0E07766g
r_yli0009;YALI0C05951g
r_yli0010;YALI0D17864g
r_yli0011;YALI0D17864g
r_yli0012;YALI0E16016g
r_yli0013;YALI0F14729g
r_yli0014;YALI0D04246g and YALI0A06655g
r_yli0015;
r_yli0016;
r_yli0017;YALI0C04092g
r_yli0018;
r_yli0019;
r_yli0020;
r_yli0021;YALI0B02544g or YALI0C20265g
r_yli0022;YALI0B14014g
r_yli0023;YALI0B14014g
r_yli0024;YALI0B14014g
r_yli0025;YALI0F09603g or YALI0D25630g or YALI0E07787g or YALI0A16379g or YALI0E15818g or YALI0D02167g or YALI0A15147g or YALI0E07766g
r_yli0026;YALI0F09603g or YALI0D25630g or YALI0E07787g or YALI0A16379g or YALI0E15818g or YALI0D02167g or YALI0A15147g or YALI0E07766g
r_yli0027;YALI0F09603g or YALI0D25630g or YALI0E07787g or YALI0A16379g or YALI0E15818g or YALI0D02167g or YALI0A15147g or YALI0E07766g
r_yli0028;
r_yli0029;
r_yli0030;
r_yli0031;YALI0A06974g
r_yli0032;YALI0F09251g
r_yli0033;YALI0F22605g
r_yli0034;YALI0A01111g
r_yli0035;YALI0B21846g
r_yli0036;
r_yli0037;
r_yli0038;
r_yli0039;
r_yli0040;
r_yli0041;
r_yli0042;
r_yli0043;
r_yli0044;YALI0D08690g and YALI0F05038g and YALI0D20768g and YALI0D23815g
r_yli0045;YALI0D08690g and YALI0F05038g and YALI0D20768g and YALI0D23815g
r_yli0046;YALI0D08690g and YALI0F05038g and YALI0D20768g and YALI0D23815g
r_yli0047;YALI0D12573g
r_yli0048;YALI0B14619g
r_yli0049;
r_yli0050;YALI0B22550g
r_yli0051;YALI0F23749g
r_yli0052;YALI0E33517g and YALI0E16929g and YALI0D20768g
r_yli0053;YALI0C14806g
r_yli0054;YALI0B10406g
r_yli0055;YALI0C08811g
